session_id,strategy_id,broker,status,started_at,stopped_at,total_trades,total_pnl,config
40bd0a532362,,simulated,completed,2026-08-04T21:05:16.822144,2026-08-04T21:05:16.820172,1,0.0,{}
38a6aa01ff24,,simulated,completed,2026-08-04T21:08:48.882413,2026-08-04T21:08:48.879640,0,0.0,{}
d2c05be8455c,,simulated,completed,2026-08-05T01:11:25.526225,2026-08-05T01:11:25.523916,0,0.0,{}
a565f83b2578,,simulated,completed,2026-08-05T01:12:19.068609,2026-08-05T01:12:19.066440,0,0.0,{}
798370ab5d0f,,simulated,completed,2026-08-05T14:38:54.085438,2026-08-05T14:38:54.083932,0,0.0,{}
9a38772a83ac,,simulated,completed,2026-08-05T14:39:27.316857,2026-08-05T14:39:27.314911,0,0.0,{}
065f15dcfdd8,,simulated,completed,2026-09-12T15:40:12.826445,2026-09-12T15:40:12.824616,0,0.0,{}
9601a789f242,,SimulatedBroker,active,2026-09-12T15:40:38.297502,,0,0.0,{}
dbe0ad24bae2,,SimulatedBroker,active,2026-09-12T15:40:38.329929,,0,0.0,{}
14e2be051fc9,,simulated,completed,2026-09-12T15:40:38.473241,2026-09-12T15:40:38.469444,7,0.0,{}
1d1e140a5a23,,simulated,completed,2026-09-12T15:40:38.655016,2026-09-12T15:40:38.652675,13,0.0,{}
bcfc9658034f,,simulated,completed,2026-09-12T15:40:38.762990,2026-09-12T15:40:38.760715,7,0.0,{}
f83d62442647,,simulated,completed,2026-09-12T15:40:38.864066,2026-09-12T15:40:38.862230,2,0.0,{}
22f73b5562f4,,simulated,completed,2026-09-12T15:40:39.035134,2026-09-12T15:40:39.033180,3,0.0,{}
5542d72e68dc,,simulated,completed,2026-09-12T15:40:39.114109,2026-09-12T15:40:39.112246,2,0.0,{}
a8ff05daf9bc,,simulated,completed,2026-09-12T15:41:34.373062,2026-09-12T15:41:34.371227,0,0.0,{}
081382d075d0,,SimulatedBroker,active,2026-09-12T15:41:49.848864,,0,0.0,{}
0152d30646cd,,SimulatedBroker,active,2026-09-12T15:41:49.880895,,0,0.0,{}
bd92b3f3cddc,,simulated,completed,2026-09-12T15:41:50.019612,2026-09-12T15:41:50.017498,7,0.0,{}
5b74446b52ed,,simulated,completed,2026-09-12T15:41:50.188397,2026-09-12T15:41:50.186505,13,0.0,{}
23ed8ac548ae,,simulated,completed,2026-09-12T15:41:50.295023,2026-09-12T15:41:50.293352,7,0.0,{}
39e4d2dacfba,,simulated,completed,2026-09-12T15:41:50.391263,2026-09-12T15:41:50.389431,2,0.0,{}
2ccec5dff408,,simulated,completed,2026-09-12T15:41:50.566334,2026-09-12T15:41:50.564392,3,0.0,{}
de545af85b19,,simulated,completed,2026-09-12T15:41:50.635455,2026-09-12T15:41:50.633597,2,0.0,{}
f0cc1cf95c18,,simulated,completed,2026-09-12T15:58:42.938490,2026-09-12T15:58:42.936974,0,0.0,{}
43214d2a0ce3,,SimulatedBroker,active,2026-09-12T15:58:56.356014,,0,0.0,{}
94b5c107a2b3,,SimulatedBroker,active,2026-09-12T15:58:56.400670,,0,0.0,{}
59b1583495cc,,simulated,completed,2026-09-12T15:58:56.591772,2026-09-12T15:58:56.589378,7,0.0,{}
dd14e126de44,,simulated,completed,2026-09-12T15:58:56.843018,2026-09-12T15:58:56.841413,13,0.0,{}
36afebd8bee2,,simulated,completed,2026-09-12T15:58:56.972196,2026-09-12T15:58:56.970357,7,0.0,{}
077e4ee4ac96,,simulated,completed,2026-09-12T15:58:57.072011,2026-09-12T15:58:57.070244,2,0.0,{}
68f7dce00ab5,,simulated,completed,2026-09-12T15:58:57.264206,2026-09-12T15:58:57.262299,3,0.0,{}
a5fc3c87417e,,simulated,completed,2026-09-12T15:58:57.368227,2026-09-12T15:58:57.365589,2,0.0,{}
7cdd2c8ff870,,simulated,completed,2026-09-12T16:02:46.248763,2026-09-12T16:02:46.247042,0,0.0,{}
395669fbf23e,,SimulatedBroker,active,2026-09-12T16:02:59.621972,,0,0.0,{}
698de5a14757,,SimulatedBroker,active,2026-09-12T16:02:59.664185,,0,0.0,{}
8ca1d73a44ba,,simulated,completed,2026-09-12T16:02:59.800461,2026-09-12T16:02:59.798919,7,0.0,{}
1618e1e10592,,simulated,completed,2026-09-12T16:02:59.973631,2026-09-12T16:02:59.971900,13,0.0,{}
003447ca56ee,,simulated,completed,2026-09-12T16:03:00.077832,2026-09-12T16:03:00.075933,7,0.0,{}
60da0142f381,,simulated,completed,2026-09-12T16:03:00.173933,2026-09-12T16:03:00.172099,2,0.0,{}
826ca004da80,,simulated,completed,2026-09-12T16:03:00.337484,2026-09-12T16:03:00.335917,3,0.0,{}
f555ac7e86b2,,simulated,completed,2026-09-12T16:03:00.409946,2026-09-12T16:03:00.407951,2,0.0,{}
f17e49ffdcf3,,simulated,completed,2026-09-12T16:21:19.477038,2026-09-12T16:21:19.475410,0,0.0,{}
8f7abad092bb,,SimulatedBroker,active,2026-09-12T16:21:48.151492,,0,0.0,{}
3f84666aba15,,SimulatedBroker,active,2026-09-12T16:21:48.183453,,0,0.0,{}
a24547992d6c,,simulated,completed,2026-09-12T16:21:48.319188,2026-09-12T16:21:48.316898,7,0.0,{}
db5c6439b361,,simulated,completed,2026-09-12T16:21:48.504571,2026-09-12T16:21:48.502871,13,0.0,{}
c17eabd18983,,simulated,completed,2026-09-12T16:21:48.619551,2026-09-12T16:21:48.617755,7,0.0,{}
32125ef94b57,,simulated,completed,2026-09-12T16:21:48.723263,2026-09-12T16:21:48.720898,2,0.0,{}
23b7607557e7,,simulated,completed,2026-09-12T16:21:48.897504,2026-09-12T16:21:48.895791,3,0.0,{}
46fe8314d3c8,,simulated,completed,2026-09-12T16:21:48.973584,2026-09-12T16:21:48.970823,2,0.0,{}
5504572f60dd,,simulated,completed,2026-09-12T16:22:42.999620,2026-09-12T16:22:42.997951,0,0.0,{}
2d32ad938a7a,,SimulatedBroker,active,2026-09-12T16:23:10.932700,,0,0.0,{}
7774066c65d8,,SimulatedBroker,active,2026-09-12T16:23:10.964513,,0,0.0,{}
94793a71765f,,simulated,completed,2026-09-12T16:23:11.100404,2026-09-12T16:23:11.098745,7,0.0,{}
031468d83e3b,,simulated,completed,2026-09-12T16:23:11.275759,2026-09-12T16:23:11.274047,13,0.0,{}
c0fc09228a72,,simulated,completed,2026-09-12T16:23:11.386465,2026-09-12T16:23:11.384876,7,0.0,{}
d32c3f6e0853,,simulated,completed,2026-09-12T16:23:11.488791,2026-09-12T16:23:11.485786,2,0.0,{}
2dfa3084185b,,simulated,completed,2026-09-12T16:23:11.666660,2026-09-12T16:23:11.664999,3,0.0,{}
d26a04a189e4,,simulated,completed,2026-09-12T16:23:11.740668,2026-09-12T16:23:11.739005,2,0.0,{}
a0f5e15f2908,,simulated,completed,2026-09-12T16:25:01.489863,2026-09-12T16:25:01.488250,0,0.0,{}
8aeedc77858f,,SimulatedBroker,active,2026-09-12T16:25:28.361141,,0,0.0,{}
caccc5174166,,SimulatedBroker,active,2026-09-12T16:25:28.390871,,0,0.0,{}
a684aec32153,,simulated,completed,2026-09-12T16:25:28.509119,2026-09-12T16:25:28.507543,7,0.0,{}
a218a6554935,,simulated,completed,2026-09-12T16:25:28.673456,2026-09-12T16:25:28.671522,13,0.0,{}
e12d928f318d,,simulated,completed,2026-09-12T16:25:28.774273,2026-09-12T16:25:28.772576,7,0.0,{}
44bf9761d71a,,simulated,completed,2026-09-12T16:25:28.870730,2026-09-12T16:25:28.868711,2,0.0,{}
127a664c0e10,,simulated,completed,2026-09-12T16:25:29.030644,2026-09-12T16:25:29.028549,3,0.0,{}
db157e39c2fa,,simulated,completed,2026-09-12T16:25:29.101488,2026-09-12T16:25:29.099475,2,0.0,{}
d6920cdfb598,,simulated,completed,2026-09-12T16:32:39.158098,2026-09-12T16:32:39.156454,0,0.0,{}
60439ef17684,,SimulatedBroker,active,2026-09-12T16:33:06.347945,,0,0.0,{}
d3bc2f62a7ba,,SimulatedBroker,active,2026-09-12T16:33:06.391705,,0,0.0,{}
76135a3d6ca3,,simulated,completed,2026-09-12T16:33:06.587940,2026-09-12T16:33:06.585915,7,0.0,{}
562539aae83c,,simulated,completed,2026-09-12T16:33:06.846469,2026-09-12T16:33:06.844119,13,0.0,{}
be12e4711dad,,simulated,completed,2026-09-12T16:33:06.998782,2026-09-12T16:33:06.997008,7,0.0,{}
55b2cf58cfa6,,simulated,completed,2026-09-12T16:33:07.128935,2026-09-12T16:33:07.126913,2,0.0,{}
6600dc97ee0d,,simulated,completed,2026-09-12T16:33:07.346470,2026-09-12T16:33:07.344963,3,0.0,{}
8b4ff17daebe,,simulated,completed,2026-09-12T16:33:07.445311,2026-09-12T16:33:07.443121,2,0.0,{}
26c38cf7c158,,simulated,completed,2026-09-12T16:48:02.499280,2026-09-12T16:48:02.497753,0,0.0,{}
2f590478d583,,SimulatedBroker,active,2026-09-12T16:48:30.128757,,0,0.0,{}
be93696f496c,,SimulatedBroker,active,2026-09-12T16:48:30.161024,,0,0.0,{}
b441484b712e,,simulated,completed,2026-09-12T16:48:30.299741,2026-09-12T16:48:30.297728,7,0.0,{}
867d4070b22c,,simulated,completed,2026-09-12T16:48:30.476516,2026-09-12T16:48:30.475000,13,0.0,{}
6d63d0807a42,,simulated,completed,2026-09-12T16:48:30.581966,2026-09-12T16:48:30.579450,7,0.0,{}
38ae76b3ab16,,simulated,completed,2026-09-12T16:48:30.684758,2026-09-12T16:48:30.683250,2,0.0,{}
4475592d5a11,,simulated,completed,2026-09-12T16:48:30.863300,2026-09-12T16:48:30.861291,3,0.0,{}
1da55a126b68,,simulated,completed,2026-09-12T16:48:30.938821,2026-09-12T16:48:30.937818,2,0.0,{}
a30f13748468,,SimulatedBroker,active,2026-09-13T07:46:13.469306,,0,0.0,{}
50bfbe538f57,,simulated,active,2026-09-13T07:46:13.483820,,0,0.0,{}
dbb6ffa45f78,,simulated,completed,2026-09-13T07:47:25.159103,2026-09-13T07:47:25.156984,5,0.0,{}
d8fbfdea60a7,,SimulatedBroker,active,2026-09-13T07:50:32.432596,,0,0.0,{}
1bce8d2a50f6,,SimulatedBroker,active,2026-09-13T07:50:32.464211,,0,0.0,{}
3523e036a847,,simulated,completed,2026-09-13T07:50:32.602210,2026-09-13T07:50:32.600703,7,0.0,{}
01e4d3bdbdd5,,simulated,completed,2026-09-13T07:50:32.776392,2026-09-13T07:50:32.774391,13,0.0,{}
390657c869c4,,simulated,completed,2026-09-13T07:50:32.885730,2026-09-13T07:50:32.884220,7,0.0,{}
1eaefe30a2a8,,simulated,completed,2026-09-13T07:50:32.990793,2026-09-13T07:50:32.988784,2,0.0,{}
7da9a38398ee,,simulated,completed,2026-09-13T07:50:33.167034,2026-09-13T07:50:33.166018,3,0.0,{}
a7105d349f5c,,simulated,completed,2026-09-13T07:50:33.242447,2026-09-13T07:50:33.239776,2,0.0,{}
5b20ca71612f,,simulated,completed,2026-09-13T10:10:12.983574,2026-09-13T10:10:12.981563,0,0.0,{}
551663bf1ed0,,SimulatedBroker,active,2026-09-13T10:10:41.375009,,0,0.0,{}
f14155a59dbf,,SimulatedBroker,active,2026-09-13T10:10:41.406614,,0,0.0,{}
77538539b4d1,,simulated,completed,2026-09-13T10:10:41.529721,2026-09-13T10:10:41.527202,7,0.0,{}
ab632b0bf9ef,,simulated,completed,2026-09-13T10:10:41.701788,2026-09-13T10:10:41.699879,13,0.0,{}
1a33323df20f,,simulated,completed,2026-09-13T10:10:41.807048,2026-09-13T10:10:41.804524,7,0.0,{}
320487ee759b,,simulated,completed,2026-09-13T10:10:41.904052,2026-09-13T10:10:41.902548,2,0.0,{}
1b7b8c03f4d4,,simulated,completed,2026-09-13T10:10:42.074179,2026-09-13T10:10:42.072181,3,0.0,{}
4a1ac526deef,,simulated,completed,2026-09-13T10:10:42.143936,2026-09-13T10:10:42.141926,2,0.0,{}
3840c39a3f1b,,simulated,completed,2026-09-13T10:27:26.426395,2026-09-13T10:27:26.423765,0,0.0,{}
939e1e1b3f96,,SimulatedBroker,active,2026-09-13T10:27:56.353782,,0,0.0,{}
6a116da92229,,SimulatedBroker,active,2026-09-13T10:27:56.385740,,0,0.0,{}
9f50354947ac,,simulated,completed,2026-09-13T10:27:56.517531,2026-09-13T10:27:56.515531,7,0.0,{}
0113a1fbc940,,simulated,completed,2026-09-13T10:27:56.696726,2026-09-13T10:27:56.694216,13,0.0,{}
1a23122bcdc4,,simulated,completed,2026-09-13T10:27:56.803039,2026-09-13T10:27:56.801039,7,0.0,{}
ba0f6250511f,,simulated,completed,2026-09-13T10:27:56.908447,2026-09-13T10:27:56.906448,2,0.0,{}
0d1e41172332,,simulated,completed,2026-09-13T10:27:57.079983,2026-09-13T10:27:57.078252,3,0.0,{}
395eef1d7e49,,simulated,completed,2026-09-13T10:27:57.154141,2026-09-13T10:27:57.153139,2,0.0,{}
92bb656c5fb2,,simulated,completed,2026-09-13T10:31:44.487635,2026-09-13T10:31:44.485634,0,0.0,{}
e855f82b01c3,,SimulatedBroker,active,2026-09-13T10:32:09.344671,,0,0.0,{}
16cd189bf7dc,,SimulatedBroker,active,2026-09-13T10:32:09.375413,,0,0.0,{}
66c4dc036655,,simulated,completed,2026-09-13T10:32:09.492428,2026-09-13T10:32:09.490428,7,0.0,{}
9add5ed26463,,simulated,completed,2026-09-13T10:32:09.658377,2026-09-13T10:32:09.656847,13,0.0,{}
3aafa6aaf766,,simulated,completed,2026-09-13T10:32:09.758299,2026-09-13T10:32:09.757296,7,0.0,{}
5366bcd266a3,,simulated,completed,2026-09-13T10:32:09.855782,2026-09-13T10:32:09.853018,2,0.0,{}
d2491e1ba354,,simulated,completed,2026-09-13T10:32:10.014894,2026-09-13T10:32:10.013893,3,0.0,{}
afff7ccf242f,,simulated,completed,2026-09-13T10:32:10.086578,2026-09-13T10:32:10.085577,2,0.0,{}
42412767a8d6,,simulated,completed,2026-09-13T10:53:55.717688,2026-09-13T10:53:55.716688,0,0.0,{}
b1cbe70d5fa1,,SimulatedBroker,active,2026-09-13T10:54:19.719369,,0,0.0,{}
e080d4d158ed,,SimulatedBroker,active,2026-09-13T10:54:19.749953,,0,0.0,{}
b47f37077bd7,,simulated,completed,2026-09-13T10:54:19.876578,2026-09-13T10:54:19.875570,7,0.0,{}
b87017718d0a,,simulated,completed,2026-09-13T10:54:20.050238,2026-09-13T10:54:20.048628,13,0.0,{}
490d7c221883,,simulated,completed,2026-09-13T10:54:20.154017,2026-09-13T10:54:20.152007,7,0.0,{}
55789124ea2f,,simulated,completed,2026-09-13T10:54:20.246608,2026-09-13T10:54:20.245103,2,0.0,{}
77241d569abe,,simulated,completed,2026-09-13T10:54:20.414570,2026-09-13T10:54:20.413563,3,0.0,{}
86181a850a2c,,simulated,completed,2026-09-13T10:54:20.492253,2026-09-13T10:54:20.490732,2,0.0,{}
567f87a9aea5,,simulated,completed,2026-09-13T10:59:05.415162,2026-09-13T10:59:05.413657,0,0.0,{}
0e647648f7d6,,SimulatedBroker,active,2026-09-13T10:59:31.988964,,0,0.0,{}
84e72ff60f0a,,SimulatedBroker,active,2026-09-13T10:59:32.020369,,0,0.0,{}
7738da64ef67,,simulated,completed,2026-09-13T10:59:32.151951,2026-09-13T10:59:32.149844,7,0.0,{}
538021055922,,simulated,completed,2026-09-13T10:59:32.330499,2026-09-13T10:59:32.328499,13,0.0,{}
ed57ddde0cb3,,simulated,completed,2026-09-13T10:59:32.436393,2026-09-13T10:59:32.433887,7,0.0,{}
06abccc3fd6e,,simulated,completed,2026-09-13T10:59:32.539251,2026-09-13T10:59:32.537745,2,0.0,{}
93c996087e12,,simulated,completed,2026-09-13T10:59:32.715417,2026-09-13T10:59:32.714410,3,0.0,{}
99ae6cbaa618,,simulated,completed,2026-09-13T10:59:32.790569,2026-09-13T10:59:32.788559,2,0.0,{}
67e6fb8f6d83,,simulated,completed,2026-09-13T12:23:58.610696,2026-09-13T12:23:58.609190,0,0.0,{}
4c87a6a41264,,SimulatedBroker,active,2026-09-13T12:24:22.405417,,0,0.0,{}
b9f2b2e5dcf4,,SimulatedBroker,active,2026-09-13T12:24:22.435175,,0,0.0,{}
c691b66efa28,,simulated,completed,2026-09-13T12:24:22.550767,2026-09-13T12:24:22.549255,7,0.0,{}
50ba2d3753f9,,simulated,completed,2026-09-13T12:24:22.713158,2026-09-13T12:24:22.710646,13,0.0,{}
b26c75d633eb,,simulated,completed,2026-09-13T12:24:22.813763,2026-09-13T12:24:22.812762,7,0.0,{}
0458a2fa63b1,,simulated,completed,2026-09-13T12:24:22.913011,2026-09-13T12:24:22.911455,2,0.0,{}
a76e0840724d,,simulated,completed,2026-09-13T12:24:23.082139,2026-09-13T12:24:23.080142,3,0.0,{}
82477fcf9261,,simulated,completed,2026-09-13T12:24:23.154820,2026-09-13T12:24:23.152819,2,0.0,{}
7ced511578e9,,simulated,completed,2026-09-13T12:28:22.360168,2026-09-13T12:28:22.358166,0,0.0,{}
2999a57168c7,,SimulatedBroker,active,2026-09-13T12:28:46.938089,,0,0.0,{}
9409c4cec980,,SimulatedBroker,active,2026-09-13T12:28:46.965186,,0,0.0,{}
884826223324,,simulated,completed,2026-09-13T12:28:47.083560,2026-09-13T12:28:47.082557,7,0.0,{}
7b7f9588b386,,simulated,completed,2026-09-13T12:28:47.254209,2026-09-13T12:28:47.252209,13,0.0,{}
e6a1496ecc20,,simulated,completed,2026-09-13T12:28:47.354583,2026-09-13T12:28:47.352420,7,0.0,{}
eb7142422bb6,,simulated,completed,2026-09-13T12:28:47.450593,2026-09-13T12:28:47.448587,2,0.0,{}
e234f1d029a8,,simulated,completed,2026-09-13T12:28:47.611534,2026-09-13T12:28:47.610018,3,0.0,{}
b7ceb87beeaf,,simulated,completed,2026-09-13T12:28:47.682650,2026-09-13T12:28:47.680352,2,0.0,{}
25bf1e95132c,,simulated,completed,2026-09-13T13:07:13.708004,2026-09-13T13:07:13.706007,0,0.0,{}
2dcbe83e63a7,,SimulatedBroker,active,2026-09-13T13:07:38.835863,,0,0.0,{}
dd6155dc1c87,,SimulatedBroker,active,2026-09-13T13:07:38.866726,,0,0.0,{}
6bcc3afc5553,,simulated,completed,2026-09-13T13:07:38.997970,2026-09-13T13:07:38.995968,7,0.0,{}
692e9d0479b5,,simulated,completed,2026-09-13T13:07:39.175116,2026-09-13T13:07:39.171975,13,0.0,{}
26666329e0d5,,simulated,completed,2026-09-13T13:07:39.281089,2026-09-13T13:07:39.279079,7,0.0,{}
e133529b2fab,,simulated,completed,2026-09-13T13:07:39.381962,2026-09-13T13:07:39.380457,2,0.0,{}
df97bf5f31bc,,simulated,completed,2026-09-13T13:07:39.555363,2026-09-13T13:07:39.552066,3,0.0,{}
e1b6322e6c7f,,simulated,completed,2026-09-13T13:07:39.630259,2026-09-13T13:07:39.628753,2,0.0,{}
53208d5e0935,,SimulatedBroker,active,2026-09-13T13:52:59.089467,,0,0.0,{}
12b525c46002,,simulated,active,2026-09-13T13:52:59.105538,,0,0.0,{}
3593b60074c4,,SimulatedBroker,active,2026-09-13T13:53:03.804175,,0,0.0,{}
0319911b0333,,simulated,active,2026-09-13T13:53:03.820274,,0,0.0,{}
3cc80f5b56a3,,simulated,completed,2026-09-13T13:55:56.811496,2026-09-13T13:55:56.809498,0,0.0,{}
bb8c267d2d39,,SimulatedBroker,active,2026-09-13T13:56:21.833018,,0,0.0,{}
693cb2a062eb,,SimulatedBroker,active,2026-09-13T13:56:21.863016,,0,0.0,{}
e20b7709e21b,,simulated,completed,2026-09-13T13:56:21.992692,2026-09-13T13:56:21.990692,7,0.0,{}
d97a786c68ed,,simulated,completed,2026-09-13T13:56:22.168319,2026-09-13T13:56:22.166318,13,0.0,{}
dc62646cf75f,,simulated,completed,2026-09-13T13:56:22.273181,2026-09-13T13:56:22.272182,7,0.0,{}
54e599ec1d95,,simulated,completed,2026-09-13T13:56:22.377108,2026-09-13T13:56:22.376099,2,0.0,{}
176b317ecc24,,simulated,completed,2026-09-13T13:56:22.555282,2026-09-13T13:56:22.553280,3,0.0,{}
21f1c89693a5,,simulated,completed,2026-09-13T13:56:22.631928,2026-09-13T13:56:22.630421,2,0.0,{}
6dd974be1685,,simulated,completed,2026-09-13T14:04:17.722730,2026-09-13T14:04:17.720227,0,0.0,{}
582d6fde011e,,SimulatedBroker,active,2026-09-13T14:04:42.705574,,0,0.0,{}
86dc401cbde5,,SimulatedBroker,active,2026-09-13T14:04:42.735482,,0,0.0,{}
041450049d2f,,simulated,completed,2026-09-13T14:04:42.856576,2026-09-13T14:04:42.855575,7,0.0,{}
53696e073128,,simulated,completed,2026-09-13T14:04:43.026683,2026-09-13T14:04:43.024674,13,0.0,{}
597fc4052778,,simulated,completed,2026-09-13T14:04:43.125538,2026-09-13T14:04:43.123539,7,0.0,{}
c9c52984959e,,simulated,completed,2026-09-13T14:04:43.220412,2026-09-13T14:04:43.218295,2,0.0,{}
a30eaa8eb064,,simulated,completed,2026-09-13T14:04:43.380867,2026-09-13T14:04:43.379358,3,0.0,{}
a7b478ea6f34,,simulated,completed,2026-09-13T14:04:43.451889,2026-09-13T14:04:43.450890,2,0.0,{}
faadd4a3758d,,simulated,completed,2026-09-13T14:09:55.172670,2026-09-13T14:09:55.170164,0,0.0,{}
0bbba8179a8b,,SimulatedBroker,active,2026-09-13T14:10:23.339438,,0,0.0,{}
a53be85f5443,,SimulatedBroker,active,2026-09-13T14:10:23.373854,,0,0.0,{}
3c3ba27352fc,,simulated,completed,2026-09-13T14:10:23.502692,2026-09-13T14:10:23.501692,7,0.0,{}
83590712bcca,,simulated,completed,2026-09-13T14:10:23.678405,2026-09-13T14:10:23.675810,13,0.0,{}
a9abe068f124,,simulated,completed,2026-09-13T14:10:23.784870,2026-09-13T14:10:23.782859,7,0.0,{}
30e31e96f60f,,simulated,completed,2026-09-13T14:10:23.883480,2026-09-13T14:10:23.881473,2,0.0,{}
82ec75fd0aba,,simulated,completed,2026-09-13T14:10:24.056568,2026-09-13T14:10:24.053567,3,0.0,{}
41952f71fccf,,simulated,completed,2026-09-13T14:10:24.141855,2026-09-13T14:10:24.135334,2,0.0,{}
4c2276e68985,,SimulatedBroker,active,2026-09-13T14:28:39.547161,,0,0.0,{}
79d81e70bdb7,,SimulatedBroker,active,2026-09-13T14:29:05.380813,,0,0.0,{}
549650bf564b,,simulated,completed,2026-09-13T14:29:29.894618,2026-09-13T14:29:29.892614,0,0.0,{}
79351e71e80a,,simulated,completed,2026-09-13T14:29:55.560882,2026-09-13T14:29:55.558883,0,0.0,{}
4351e5e85782,,simulated,completed,2026-09-13T14:30:53.535168,2026-09-13T14:30:53.532943,0,0.0,{}
22429894a1f7,,simulated,completed,2026-09-13T14:34:09.436070,2026-09-13T14:34:09.434069,0,0.0,{}
c8ed36a683a5,,SimulatedBroker,active,2026-09-13T14:34:35.985523,,0,0.0,{}
dcfc9007debc,,SimulatedBroker,active,2026-09-13T14:34:36.016398,,0,0.0,{}
14e809a525cd,,simulated,completed,2026-09-13T14:34:36.150812,2026-09-13T14:34:36.149812,3,0.0,{}
c467fd489b2b,,simulated,completed,2026-09-13T14:34:36.325786,2026-09-13T14:34:36.324280,3,0.0,{}
307b5be82bb8,,SimulatedBroker,active,2026-09-13T14:34:36.344319,,0,0.0,{}
42418d6cdca4,,simulated,completed,2026-09-13T14:34:36.472448,2026-09-13T14:34:36.470440,1,0.0,{}
983fffafbfa0,,simulated,completed,2026-09-13T14:34:36.643602,2026-09-13T14:34:36.641914,2,0.0,{}
f503627ec84c,,simulated,completed,2026-09-13T14:34:36.719150,2026-09-13T14:34:36.717568,1,0.0,{}
df8ac5f5cd09,,simulated,completed,2026-09-13T14:38:25.368880,2026-09-13T14:38:25.367873,0,0.0,{}
d6dd3152f7bc,,SimulatedBroker,active,2026-09-13T14:38:55.304164,,0,0.0,{}
429c42f2ef83,,SimulatedBroker,active,2026-09-13T14:38:55.346057,,0,0.0,{}
aa22dd31a3b6,,simulated,completed,2026-09-13T14:38:55.484604,2026-09-13T14:38:55.481687,3,0.0,{}
6fb5dcbc06c9,,simulated,completed,2026-09-13T14:38:55.670603,2026-09-13T14:38:55.666085,3,0.0,{}
c7c3caadab02,,simulated,completed,2026-09-13T14:38:55.780875,2026-09-13T14:38:55.779874,3,0.0,{}
63d40ab81017,,simulated,completed,2026-09-13T14:38:55.886826,2026-09-13T14:38:55.884812,1,0.0,{}
c2eee4f0b5bd,,simulated,completed,2026-09-13T14:38:56.082380,2026-09-13T14:38:56.079563,2,0.0,{}
6603da0ae69e,,simulated,completed,2026-09-13T14:38:56.180234,2026-09-13T14:38:56.177213,1,0.0,{}
3a6abdabae84,,simulated,completed,2026-09-13T16:13:25.044894,2026-09-13T16:13:25.042894,0,0.0,{}
35050f4558cf,,SimulatedBroker,active,2026-09-13T16:13:51.228071,,0,0.0,{}
4d95f11aa3b1,,SimulatedBroker,active,2026-09-13T16:13:51.252626,,0,0.0,{}
a5d61c2d6461,,simulated,completed,2026-09-13T16:13:51.357415,2026-09-13T16:13:51.355418,7,0.0,{}
5288f5e8bc75,,simulated,completed,2026-09-13T16:13:51.526147,2026-09-13T16:13:51.525137,13,0.0,{}
a3db57b959fd,,simulated,completed,2026-09-13T16:13:51.626273,2026-09-13T16:13:51.624119,7,0.0,{}
b59ac33baf7e,,simulated,completed,2026-09-13T16:13:51.717695,2026-09-13T16:13:51.715695,2,0.0,{}
279fa0b0c05e,,simulated,completed,2026-09-13T16:13:51.879583,2026-09-13T16:13:51.877582,3,0.0,{}
08185c436935,,simulated,completed,2026-09-13T16:13:51.949144,2026-09-13T16:13:51.947146,2,0.0,{}
7ed3d63e2969,,simulated,completed,2026-09-13T16:40:41.575637,2026-09-13T16:40:41.574060,0,0.0,{}
7d267fcbc753,,SimulatedBroker,active,2026-09-13T16:41:12.795898,,0,0.0,{}
1131742a2071,,SimulatedBroker,active,2026-09-13T16:41:12.833590,,0,0.0,{}
83cc5028cdad,,simulated,completed,2026-09-13T16:41:13.025605,2026-09-13T16:41:13.023605,3,0.0,{}
3eb016bd0446,,simulated,completed,2026-09-13T16:41:13.303746,2026-09-13T16:41:13.302747,3,0.0,{}
686aef6abbd2,,simulated,completed,2026-09-13T16:41:13.451075,2026-09-13T16:41:13.449487,3,0.0,{}
a6f12b4474bb,,simulated,completed,2026-09-13T16:41:13.604667,2026-09-13T16:41:13.603161,1,0.0,{}
dbd5c0420623,,simulated,completed,2026-09-13T16:41:13.874878,2026-09-13T16:41:13.873356,2,0.0,{}
6f10ff8b9562,,simulated,completed,2026-09-13T16:41:14.009343,2026-09-13T16:41:14.006762,1,0.0,{}
8eb88ba869a3,,simulated,completed,2026-09-13T16:46:36.979867,2026-09-13T16:46:36.978203,0,0.0,{}
3e405bb73afa,,SimulatedBroker,active,2026-09-13T16:47:05.044675,,0,0.0,{}
e7028539a651,,SimulatedBroker,active,2026-09-13T16:47:05.076604,,0,0.0,{}
1e9f7c2dde6e,,simulated,completed,2026-09-13T16:47:05.206851,2026-09-13T16:47:05.205293,3,0.0,{}
f50c38b9573e,,simulated,completed,2026-09-13T16:47:05.383400,2026-09-13T16:47:05.380441,3,0.0,{}
309c6f2e611b,,simulated,completed,2026-09-13T16:47:05.490734,2026-09-13T16:47:05.488762,3,0.0,{}
3f073dfe9b91,,simulated,completed,2026-09-13T16:47:05.595912,2026-09-13T16:47:05.592911,1,0.0,{}
63abdddd52c2,,simulated,completed,2026-09-13T16:47:05.779028,2026-09-13T16:47:05.777453,2,0.0,{}
923d26320bbe,,simulated,completed,2026-09-13T16:47:05.862542,2026-09-13T16:47:05.860901,1,0.0,{}
6b343e006301,,simulated,completed,2026-09-13T16:53:52.920157,2026-09-13T16:53:52.918151,0,0.0,{}
56e52c07298e,,SimulatedBroker,active,2026-09-13T16:54:19.110841,,0,0.0,{}
597f2c856bcb,,SimulatedBroker,active,2026-09-13T16:54:19.143842,,0,0.0,{}
b552de587392,,simulated,completed,2026-09-13T16:54:19.276892,2026-09-13T16:54:19.275214,3,0.0,{}
115abfaa5154,,simulated,completed,2026-09-13T16:54:19.460828,2026-09-13T16:54:19.458234,3,0.0,{}
a8e594c5920a,,simulated,completed,2026-09-13T16:54:19.569068,2026-09-13T16:54:19.568069,3,0.0,{}
b10a12b7096a,,simulated,completed,2026-09-13T16:54:19.673429,2026-09-13T16:54:19.671118,1,0.0,{}
ba0c9e98aa66,,simulated,completed,2026-09-13T16:54:19.845117,2026-09-13T16:54:19.843119,2,0.0,{}
a5386389b606,,simulated,completed,2026-09-13T16:54:19.925331,2026-09-13T16:54:19.922328,1,0.0,{}
6a8e1c697803,,simulated,completed,2026-09-13T16:57:37.688383,2026-09-13T16:57:37.686235,0,0.0,{}
e52fa56c2cee,,SimulatedBroker,active,2026-09-13T16:58:00.619112,,0,0.0,{}
0843861e7320,,SimulatedBroker,active,2026-09-13T16:58:00.649190,,0,0.0,{}
6351549f3436,,simulated,completed,2026-09-13T16:58:00.772898,2026-09-13T16:58:00.771394,3,0.0,{}
99c591ac123d,,simulated,completed,2026-09-13T16:58:00.942797,2026-09-13T16:58:00.940791,3,0.0,{}
951487e37818,,simulated,completed,2026-09-13T16:58:01.040022,2026-09-13T16:58:01.036899,3,0.0,{}
64944cab4cac,,simulated,completed,2026-09-13T16:58:01.135791,2026-09-13T16:58:01.133790,1,0.0,{}
6f09040c6b04,,simulated,completed,2026-09-13T16:58:01.299541,2026-09-13T16:58:01.297532,2,0.0,{}
24848f498f91,,simulated,completed,2026-09-13T16:58:01.370586,2026-09-13T16:58:01.368433,1,0.0,{}
f035d623cda5,,simulated,completed,2026-09-13T17:03:45.762943,2026-09-13T17:03:45.760944,0,0.0,{}
f1070c487934,,SimulatedBroker,active,2026-09-13T17:04:10.519639,,0,0.0,{}
9d92d3edab83,,SimulatedBroker,active,2026-09-13T17:04:10.552098,,0,0.0,{}
77453e20e524,,simulated,completed,2026-09-13T17:04:10.685001,2026-09-13T17:04:10.682995,3,0.0,{}
2c7afb2cdb5b,,simulated,completed,2026-09-13T17:04:10.864799,2026-09-13T17:04:10.862784,3,0.0,{}
f43abadad7cb,,simulated,completed,2026-09-13T17:04:10.973264,2026-09-13T17:04:10.972264,3,0.0,{}
b35cf8ec0917,,simulated,completed,2026-09-13T17:04:11.074835,2026-09-13T17:04:11.073828,1,0.0,{}
c39d34f4248b,,simulated,completed,2026-09-13T17:04:11.241011,2026-09-13T17:04:11.239011,2,0.0,{}
48dc37b11155,,simulated,completed,2026-09-13T17:04:11.318149,2026-09-13T17:04:11.316150,1,0.0,{}
d744eb013202,,simulated,completed,2026-09-13T17:19:28.493544,2026-09-13T17:19:28.491546,0,0.0,{}
3c017190c9ad,,SimulatedBroker,active,2026-09-13T17:19:57.917601,,0,0.0,{}
2dff1315d117,,SimulatedBroker,active,2026-09-13T17:19:57.949968,,0,0.0,{}
67a7fc22f559,,simulated,completed,2026-09-13T17:19:58.096186,2026-09-13T17:19:58.094184,3,0.0,{}
15d3c097143d,,simulated,completed,2026-09-13T17:19:58.279125,2026-09-13T17:19:58.277588,3,0.0,{}
1d3d97c41ca7,,simulated,completed,2026-09-13T17:19:58.387568,2026-09-13T17:19:58.385039,3,0.0,{}
c0f846a8bf2c,,simulated,completed,2026-09-13T17:19:58.491188,2026-09-13T17:19:58.489190,1,0.0,{}
ca21edc594be,,simulated,completed,2026-09-13T17:19:58.668684,2026-09-13T17:19:58.666678,2,0.0,{}
9d9f2569164c,,simulated,completed,2026-09-13T17:19:58.745396,2026-09-13T17:19:58.743387,1,0.0,{}
2aba8e914405,,simulated,completed,2026-09-13T17:50:47.956569,2026-09-13T17:50:47.955566,0,0.0,{}
51145c8d0af0,,SimulatedBroker,active,2026-09-13T17:51:17.984344,,0,0.0,{}
b2d5dbb95a29,,SimulatedBroker,active,2026-09-13T17:51:18.016687,,0,0.0,{}
0192acffcb47,,simulated,completed,2026-09-13T17:51:18.155045,2026-09-13T17:51:18.153043,3,0.0,{}
a72596cab908,,simulated,completed,2026-09-13T17:51:18.323705,2026-09-13T17:51:18.321165,3,0.0,{}
c19329280af2,,simulated,completed,2026-09-13T17:51:18.426242,2026-09-13T17:51:18.424239,3,0.0,{}
5b4bfb9a38c9,,simulated,completed,2026-09-13T17:51:18.528525,2026-09-13T17:51:18.526524,1,0.0,{}
95167e37c4ff,,simulated,completed,2026-09-13T17:51:18.702255,2026-09-13T17:51:18.700247,2,0.0,{}
e833e7a79580,,simulated,completed,2026-09-13T17:51:18.777296,2026-09-13T17:51:18.775298,1,0.0,{}
9b26632ee5e0,,simulated,completed,2026-09-13T17:56:26.679307,2026-09-13T17:56:26.677799,0,0.0,{}
08b0e6f842c3,,SimulatedBroker,active,2026-09-13T17:56:53.924370,,0,0.0,{}
90d6b6d66150,,SimulatedBroker,active,2026-09-13T17:56:53.958534,,0,0.0,{}
6d8b167d05d0,,simulated,completed,2026-09-13T17:56:54.091675,2026-09-13T17:56:54.090077,3,0.0,{}
23dc108cdc52,,simulated,completed,2026-09-13T17:56:54.277227,2026-09-13T17:56:54.275220,3,0.0,{}
36e7b82063a1,,simulated,completed,2026-09-13T17:56:54.413299,2026-09-13T17:56:54.411794,3,0.0,{}
4ed13a126b31,,simulated,completed,2026-09-13T17:56:54.531299,2026-09-13T17:56:54.529221,1,0.0,{}
e94335ccaf36,,simulated,completed,2026-09-13T17:56:54.706558,2026-09-13T17:56:54.704554,2,0.0,{}
0b68e04f0325,,simulated,completed,2026-09-13T17:56:54.784578,2026-09-13T17:56:54.782571,1,0.0,{}
23d203b1ca07,,simulated,completed,2026-09-13T18:11:16.518390,2026-09-13T18:11:16.515874,0,0.0,{}
388afe43045a,,SimulatedBroker,active,2026-09-13T18:11:51.266324,,0,0.0,{}
1fa52e714be5,,SimulatedBroker,active,2026-09-13T18:11:51.314171,,0,0.0,{}
46900631efd3,,simulated,completed,2026-09-13T18:11:51.454878,2026-09-13T18:11:51.451879,3,0.0,{}
b3ed5fd6d29e,,simulated,completed,2026-09-13T18:11:51.638259,2026-09-13T18:11:51.636743,3,0.0,{}
b2aa60bb24a0,,simulated,completed,2026-09-13T18:11:51.760992,2026-09-13T18:11:51.758851,3,0.0,{}
45baf236989a,,simulated,completed,2026-09-13T18:11:51.887294,2026-09-13T18:11:51.884283,1,0.0,{}
4ca322dc3ac6,,simulated,completed,2026-09-13T18:11:52.066387,2026-09-13T18:11:52.064163,2,0.0,{}
65f3242a929e,,simulated,completed,2026-09-13T18:11:52.131938,2026-09-13T18:11:52.129500,1,0.0,{}
dbe82ba4bdef,,simulated,completed,2026-09-13T18:16:41.480991,2026-09-13T18:16:41.478992,0,0.0,{}
64dea8a898f9,,SimulatedBroker,active,2026-09-13T18:17:09.619951,,0,0.0,{}
f4839701a360,,SimulatedBroker,active,2026-09-13T18:17:09.652558,,0,0.0,{}
a7f70bea7b27,,simulated,completed,2026-09-13T18:17:09.781596,2026-09-13T18:17:09.780016,3,0.0,{}
e047d298a8a9,,simulated,completed,2026-09-13T18:17:09.963545,2026-09-13T18:17:09.959468,3,0.0,{}
da19c40ca048,,simulated,completed,2026-09-13T18:17:10.078499,2026-09-13T18:17:10.076491,3,0.0,{}
599875419160,,simulated,completed,2026-09-13T18:17:10.186492,2026-09-13T18:17:10.184957,1,0.0,{}
bbde27903bf1,,simulated,completed,2026-09-13T18:17:10.374559,2026-09-13T18:17:10.372559,2,0.0,{}
1a9cfcdb3661,,simulated,completed,2026-09-13T18:17:10.451261,2026-09-13T18:17:10.448257,1,0.0,{}
95d61a618253,,simulated,completed,2026-09-20T17:06:05.411867,2026-09-20T17:06:05.409352,0,0.0,{}
2db8d9061481,,SimulatedBroker,active,2026-09-20T17:06:31.261090,,0,0.0,{}
3e9d6328ed71,,SimulatedBroker,active,2026-09-20T17:06:31.297077,,0,0.0,{}
b6f2384b1609,,simulated,completed,2026-09-20T17:06:31.429385,2026-09-20T17:06:31.427871,3,0.0,{}
9924d39aa9ff,,simulated,completed,2026-09-20T17:06:31.620665,2026-09-20T17:06:31.618298,3,0.0,{}
a286d140e080,,simulated,completed,2026-09-20T17:06:31.727873,2026-09-20T17:06:31.724862,3,0.0,{}
afb6e06da0c0,,simulated,completed,2026-09-20T17:06:31.828586,2026-09-20T17:06:31.827578,1,0.0,{}
cb7ef143c423,,simulated,completed,2026-09-20T17:06:32.005006,2026-09-20T17:06:32.003997,2,0.0,{}
bed7ae48748d,,simulated,completed,2026-09-20T17:06:32.084176,2026-09-20T17:06:32.082669,1,0.0,{}
69674be13592,,simulated,completed,2026-09-20T17:13:18.116669,2026-09-20T17:13:18.115589,0,0.0,{}
86b2d87a3d32,,SimulatedBroker,active,2026-09-20T17:13:46.147236,,0,0.0,{}
efc870f68386,,SimulatedBroker,active,2026-09-20T17:13:46.185800,,0,0.0,{}
8a9ec235cbf7,,simulated,completed,2026-09-20T17:13:46.325756,2026-09-20T17:13:46.324200,3,0.0,{}
956683f1becd,,simulated,completed,2026-09-20T17:13:46.510861,2026-09-20T17:13:46.509308,3,0.0,{}
ed9734d71031,,simulated,completed,2026-09-20T17:13:46.617234,2026-09-20T17:13:46.615238,3,0.0,{}
21894e6dc228,,simulated,completed,2026-09-20T17:13:46.725269,2026-09-20T17:13:46.723762,1,0.0,{}
9ae8987c996e,,simulated,completed,2026-09-20T17:13:46.917463,2026-09-20T17:13:46.915469,2,0.0,{}
2393318a4cc2,,simulated,completed,2026-09-20T17:13:47.001651,2026-09-20T17:13:46.999650,1,0.0,{}
9d0b33337f10,,simulated,completed,2026-09-20T17:32:23.299797,2026-09-20T17:32:23.297286,0,0.0,{}
305f982bee7d,,SimulatedBroker,active,2026-09-20T17:32:48.860742,,0,0.0,{}
4468816927e8,,SimulatedBroker,active,2026-09-20T17:32:48.898727,,0,0.0,{}
265ef6e99a0f,,simulated,completed,2026-09-20T17:32:49.040276,2026-09-20T17:32:49.038276,3,0.0,{}
e665555f4e30,,simulated,completed,2026-09-20T17:32:49.201785,2026-09-20T17:32:49.199279,3,0.0,{}
6ea7b4fa1b61,,simulated,completed,2026-09-20T17:32:49.295385,2026-09-20T17:32:49.294380,3,0.0,{}
4c5405840790,,simulated,completed,2026-09-20T17:32:49.393188,2026-09-20T17:32:49.390883,1,0.0,{}
59924b381909,,simulated,completed,2026-09-20T17:32:49.554343,2026-09-20T17:32:49.552225,2,0.0,{}
4e9c9725d5fc,,simulated,completed,2026-09-20T17:32:49.635465,2026-09-20T17:32:49.632950,1,0.0,{}
dc0cf3624efc,,simulated,completed,2026-09-20T17:40:06.434882,2026-09-20T17:40:06.432368,0,0.0,{}
277a565aee3a,,SimulatedBroker,active,2026-09-20T17:40:37.893825,,0,0.0,{}
e679339042ee,,SimulatedBroker,active,2026-09-20T17:40:37.937866,,0,0.0,{}
a84af668ea9c,,simulated,completed,2026-09-20T17:40:38.105543,2026-09-20T17:40:38.102295,3,0.0,{}
ca2c2cdc664c,,simulated,completed,2026-09-20T17:40:38.329836,2026-09-20T17:40:38.327837,3,0.0,{}
319d726803a0,,simulated,completed,2026-09-20T17:40:38.440378,2026-09-20T17:40:38.439372,3,0.0,{}
b67467f31a54,,simulated,completed,2026-09-20T17:40:38.545190,2026-09-20T17:40:38.543182,1,0.0,{}
308cc261f5f1,,simulated,completed,2026-09-20T17:40:38.735277,2026-09-20T17:40:38.731261,2,0.0,{}
a789b3b05d41,,simulated,completed,2026-09-20T17:40:38.809101,2026-09-20T17:40:38.807521,1,0.0,{}
eef6b43df096,,simulated,completed,2026-09-20T17:46:50.970923,2026-09-20T17:46:50.968507,0,0.0,{}
befd95e9f07f,,SimulatedBroker,active,2026-09-20T17:47:17.640720,,0,0.0,{}
1384611db604,,SimulatedBroker,active,2026-09-20T17:47:17.677291,,0,0.0,{}
b683820fb6e6,,simulated,completed,2026-09-20T17:47:17.869008,2026-09-20T17:47:17.867461,3,0.0,{}
503de0b2e2a2,,simulated,completed,2026-09-20T17:47:18.113714,2026-09-20T17:47:18.111715,3,0.0,{}
e3c16f78e707,,simulated,completed,2026-09-20T17:47:18.260069,2026-09-20T17:47:18.258070,3,0.0,{}
5e9e0ed7f7ac,,simulated,completed,2026-09-20T17:47:18.389192,2026-09-20T17:47:18.387545,1,0.0,{}
8747d951ce09,,simulated,completed,2026-09-20T17:47:18.626544,2026-09-20T17:47:18.624543,2,0.0,{}
f13e93bad3dd,,simulated,completed,2026-09-20T17:47:18.716203,2026-09-20T17:47:18.715196,1,0.0,{}
08cdc32dac82,,SimulatedBroker,completed,2026-09-20T17:54:04.550181,2026-09-20T17:54:04.578216,0,0.0,{}
8da8eabcfee1,,SimulatedBroker,active,2026-09-20T17:54:32.510918,,0,0.0,{}
3db0598e0ccc,,SimulatedBroker,active,2026-09-20T17:54:32.544143,,0,0.0,{}
6439021b2066,,SimulatedBroker,completed,2026-09-20T17:54:32.591016,2026-09-20T17:54:32.677130,3,0.0,{}
84609a30fc16,,SimulatedBroker,completed,2026-09-20T17:54:32.697326,2026-09-20T17:54:32.856968,3,0.0,{}
94c5bd4ace4b,,SimulatedBroker,completed,2026-09-20T17:54:32.878120,2026-09-20T17:54:32.964113,3,0.0,{}
029236c37677,,SimulatedBroker,completed,2026-09-20T17:54:32.981987,2026-09-20T17:54:33.065723,1,0.0,{}
428e38a6cbde,,SimulatedBroker,completed,2026-09-20T17:54:33.084779,2026-09-20T17:54:33.240664,2,0.0,{}
557c87c56fb3,,SimulatedBroker,completed,2026-09-20T17:54:33.262591,2026-09-20T17:54:33.319557,1,0.0,{}
e8395d26293d,,simulated,completed,2026-09-20T18:02:15.694900,2026-09-20T18:02:15.692899,0,0.0,{}
95bb1e7ae3e7,,SimulatedBroker,active,2026-09-20T18:02:44.125113,,0,0.0,{}
0745056902e4,,SimulatedBroker,active,2026-09-20T18:02:44.159723,,0,0.0,{}
c24caa656e4f,,simulated,completed,2026-09-20T18:02:44.300548,2026-09-20T18:02:44.298088,3,0.0,{}
6f50e4b6bd2b,,simulated,completed,2026-09-20T18:02:44.493517,2026-09-20T18:02:44.492516,3,0.0,{}
2571b7ff2b38,,simulated,completed,2026-09-20T18:02:44.613892,2026-09-20T18:02:44.611335,3,0.0,{}
cdd84bd1f9b1,,simulated,completed,2026-09-20T18:02:44.719884,2026-09-20T18:02:44.717888,1,0.0,{}
db20046cb4c6,,simulated,completed,2026-09-20T18:02:44.902868,2026-09-20T18:02:44.900864,2,0.0,{}
a5d91307a48d,,simulated,completed,2026-09-20T18:02:44.984863,2026-09-20T18:02:44.981863,1,0.0,{}
83530219a62e,,simulated,completed,2026-09-20T18:13:08.971805,2026-09-20T18:13:08.970235,0,0.0,{}
8feb48417415,,SimulatedBroker,active,2026-09-20T18:13:34.743272,,0,0.0,{}
eb9b212235ba,,SimulatedBroker,active,2026-09-20T18:13:34.771304,,0,0.0,{}
b65f6ec2ffe7,,simulated,completed,2026-09-20T18:13:34.895703,2026-09-20T18:13:34.893314,3,0.0,{}
6e7b000f6815,,simulated,completed,2026-09-20T18:13:35.059642,2026-09-20T18:13:35.055916,3,0.0,{}
1d2c2a16aaa4,,simulated,completed,2026-09-20T18:13:35.161612,2026-09-20T18:13:35.160608,3,0.0,{}
55a10483edee,,simulated,completed,2026-09-20T18:13:35.257564,2026-09-20T18:13:35.254526,1,0.0,{}
1e5773d44660,,simulated,completed,2026-09-20T18:13:35.424793,2026-09-20T18:13:35.422285,2,0.0,{}
2f92dd92700e,,simulated,completed,2026-09-20T18:13:35.492427,2026-09-20T18:13:35.490427,1,0.0,{}
eb4fe1f5eea9,,SimulatedBroker,completed,2026-09-20T18:40:01.195979,2026-09-20T18:40:01.221184,0,0.0,{}
2b3ab3538495,,SimulatedBroker,active,2026-09-20T18:40:26.897144,,0,0.0,{}
82cd0c2296d0,,SimulatedBroker,active,2026-09-20T18:40:26.930931,,0,0.0,{}
75455b21a339,,SimulatedBroker,completed,2026-09-20T18:40:26.980454,2026-09-20T18:40:27.065369,3,0.0,{}
8f3ee72f4d81,,SimulatedBroker,completed,2026-09-20T18:40:27.085569,2026-09-20T18:40:27.233667,3,0.0,{}
e81d92014495,,SimulatedBroker,completed,2026-09-20T18:40:27.251792,2026-09-20T18:40:27.326727,3,0.0,{}
696da17556cb,,SimulatedBroker,completed,2026-09-20T18:40:27.342019,2026-09-20T18:40:27.423896,1,0.0,{}
3cf8ffd400d9,,SimulatedBroker,completed,2026-09-20T18:40:27.441917,2026-09-20T18:40:27.600013,2,0.0,{}
69c16d34c9eb,,SimulatedBroker,completed,2026-09-20T18:40:27.621842,2026-09-20T18:40:27.676528,1,0.0,{}
8a5bb439dac7,,SimulatedBroker,completed,2026-09-21T12:19:26.590706,2026-09-21T12:19:26.624400,0,0.0,{}
510001aadf21,,SimulatedBroker,active,2026-09-21T12:20:10.460092,,0,0.0,{}
1306ddbb390c,,SimulatedBroker,active,2026-09-21T12:20:10.493194,,0,0.0,{}
588ec18b7e10,,SimulatedBroker,completed,2026-09-21T12:20:10.531449,2026-09-21T12:20:10.597687,3,0.0,{}
153be933cc57,,SimulatedBroker,completed,2026-09-21T12:20:10.617376,2026-09-21T12:20:10.746914,3,0.0,{}
2866d0eb5693,,SimulatedBroker,completed,2026-09-21T12:20:10.766417,2026-09-21T12:20:10.836421,3,0.0,{}
0e9e657c38f3,,SimulatedBroker,completed,2026-09-21T12:20:10.854062,2026-09-21T12:20:10.916394,1,0.0,{}
2f1d790922d9,,SimulatedBroker,completed,2026-09-21T12:20:10.935530,2026-09-21T12:20:11.058962,2,0.0,{}
b240173ccf86,,SimulatedBroker,completed,2026-09-21T12:20:11.077816,2026-09-21T12:20:11.118009,1,0.0,{}
ab1f71bc6092,,SimulatedBroker,completed,2026-09-21T12:30:48.652093,2026-09-21T12:30:48.679397,0,0.0,{}
f775b46d53e0,,SimulatedBroker,active,2026-09-21T12:31:21.739515,,0,0.0,{}
19561990f150,,SimulatedBroker,active,2026-09-21T12:31:21.770490,,0,0.0,{}
e1fbfb83a23c,,SimulatedBroker,completed,2026-09-21T12:31:21.814415,2026-09-21T12:31:21.899103,3,0.0,{}
777d1ce71a46,,SimulatedBroker,completed,2026-09-21T12:31:21.918577,2026-09-21T12:31:22.053639,3,0.0,{}
fbf2cd2321ff,,SimulatedBroker,completed,2026-09-21T12:31:22.074120,2026-09-21T12:31:22.163486,3,0.0,{}
b7c95d437cf5,,SimulatedBroker,completed,2026-09-21T12:31:22.179032,2026-09-21T12:31:22.251130,1,0.0,{}
3ede6c712cda,,SimulatedBroker,completed,2026-09-21T12:31:22.271575,2026-09-21T12:31:22.415426,2,0.0,{}
929304b1ecfc,,SimulatedBroker,completed,2026-09-21T12:31:22.435686,2026-09-21T12:31:22.484666,1,0.0,{}
2a5d086b1596,,SimulatedBroker,completed,2026-09-21T12:43:40.036026,2026-09-21T12:43:40.378224,0,0.0,{}
23ab27990c0a,,SimulatedBroker,active,2026-09-21T12:44:20.313789,,0,0.0,{}
697803e67557,,SimulatedBroker,active,2026-09-21T12:44:20.370008,,0,0.0,{}
1e1c08eddb4b,,SimulatedBroker,completed,2026-09-21T12:44:20.430874,2026-09-21T12:44:20.511765,3,0.0,{}
cc253bbd99f8,,SimulatedBroker,completed,2026-09-21T12:44:20.534142,2026-09-21T12:44:20.655504,3,0.0,{}
0cabe4135e1b,,SimulatedBroker,completed,2026-09-21T12:44:20.672074,2026-09-21T12:44:20.744449,3,0.0,{}
c757380583e6,,SimulatedBroker,completed,2026-09-21T12:44:20.762004,2026-09-21T12:44:20.827651,1,0.0,{}
fc0f984d9e5c,,SimulatedBroker,completed,2026-09-21T12:44:20.849791,2026-09-21T12:44:20.967136,2,0.0,{}
a69a6bc9392a,,SimulatedBroker,completed,2026-09-21T12:44:20.988467,2026-09-21T12:44:21.027586,1,0.0,{}
33670c6db520,,SimulatedBroker,completed,2026-09-21T12:51:33.204821,2026-09-21T12:51:33.234734,0,0.0,{}
1ad8d41f1229,,SimulatedBroker,active,2026-09-21T12:52:03.000261,,0,0.0,{}
4a5872f23e75,,SimulatedBroker,active,2026-09-21T12:52:03.032268,,0,0.0,{}
0637f95541c3,,SimulatedBroker,completed,2026-09-21T12:52:03.079173,2026-09-21T12:52:03.164698,3,0.0,{}
ad02487d65ed,,SimulatedBroker,completed,2026-09-21T12:52:03.185759,2026-09-21T12:52:03.350858,3,0.0,{}
f242d0219049,,SimulatedBroker,completed,2026-09-21T12:52:03.373732,2026-09-21T12:52:03.464091,3,0.0,{}
b095c3ede4f4,,SimulatedBroker,completed,2026-09-21T12:52:03.482183,2026-09-21T12:52:03.574480,1,0.0,{}
9c415b8b4091,,SimulatedBroker,completed,2026-09-21T12:52:03.596346,2026-09-21T12:52:03.758814,2,0.0,{}
6caf6458fc6c,,SimulatedBroker,completed,2026-09-21T12:52:03.779853,2026-09-21T12:52:03.841937,1,0.0,{}
e0858a98430d,,SimulatedBroker,completed,2026-09-21T12:59:17.190915,2026-09-21T12:59:17.218380,0,0.0,{}
305d11baba63,,SimulatedBroker,active,2026-09-21T12:59:47.237833,,0,0.0,{}
b70efb141ef1,,SimulatedBroker,active,2026-09-21T12:59:47.270978,,0,0.0,{}
41d2b12578a1,,SimulatedBroker,completed,2026-09-21T12:59:47.319611,2026-09-21T12:59:47.403474,3,0.0,{}
41d795054917,,SimulatedBroker,completed,2026-09-21T12:59:47.424670,2026-09-21T12:59:47.577910,3,0.0,{}
02eb93eaaffc,,SimulatedBroker,completed,2026-09-21T12:59:47.597538,2026-09-21T12:59:47.677097,3,0.0,{}
bb26365841e7,,SimulatedBroker,completed,2026-09-21T12:59:47.693306,2026-09-21T12:59:47.770047,1,0.0,{}
3d8590b1ad21,,SimulatedBroker,completed,2026-09-21T12:59:47.789136,2026-09-21T12:59:47.947460,2,0.0,{}
09a39958a739,,SimulatedBroker,completed,2026-09-21T12:59:47.968249,2026-09-21T12:59:48.024983,1,0.0,{}
4d627d5b0050,,SimulatedBroker,completed,2026-09-21T13:10:01.163127,2026-09-21T13:10:01.191324,0,0.0,{}
da7bbc809458,,SimulatedBroker,active,2026-09-21T13:10:31.291580,,0,0.0,{}
9eb73458c750,,SimulatedBroker,active,2026-09-21T13:10:31.324635,,0,0.0,{}
bd77543a53db,,SimulatedBroker,completed,2026-09-21T13:10:31.378731,2026-09-21T13:10:31.471235,3,0.0,{}
27c7798218d5,,SimulatedBroker,completed,2026-09-21T13:10:31.495818,2026-09-21T13:10:31.661343,3,0.0,{}
4f5e3e7e8299,,SimulatedBroker,completed,2026-09-21T13:10:31.682909,2026-09-21T13:10:31.769792,3,0.0,{}
c6b1dbef5eb6,,SimulatedBroker,completed,2026-09-21T13:10:31.788312,2026-09-21T13:10:31.879408,1,0.0,{}
e9f9858253fb,,SimulatedBroker,completed,2026-09-21T13:10:31.900484,2026-09-21T13:10:32.063457,2,0.0,{}
e6f33c712fe0,,SimulatedBroker,completed,2026-09-21T13:10:32.084631,2026-09-21T13:10:32.139963,1,0.0,{}
b9cb6827ec7c,,SimulatedBroker,completed,2026-09-21T13:16:45.036230,2026-09-21T13:16:45.058130,0,0.0,{}
e350c77a6df7,,SimulatedBroker,active,2026-09-21T13:17:14.360558,,0,0.0,{}
5fe0d68ae738,,SimulatedBroker,active,2026-09-21T13:17:14.393428,,0,0.0,{}
7b02d8bfd35d,,SimulatedBroker,completed,2026-09-21T13:17:14.439058,2026-09-21T13:17:14.522468,3,0.0,{}
ac318d4520dd,,SimulatedBroker,completed,2026-09-21T13:17:14.543147,2026-09-21T13:17:14.696164,3,0.0,{}
8b4a84679ed0,,SimulatedBroker,completed,2026-09-21T13:17:14.715859,2026-09-21T13:17:14.801397,3,0.0,{}
b6a2b7bd34ed,,SimulatedBroker,completed,2026-09-21T13:17:14.818609,2026-09-21T13:17:14.901875,1,0.0,{}
9d58cd6f43b2,,SimulatedBroker,completed,2026-09-21T13:17:14.923209,2026-09-21T13:17:15.105949,2,0.0,{}
94d24644ec23,,SimulatedBroker,completed,2026-09-21T13:17:15.126490,2026-09-21T13:17:15.182568,1,0.0,{}
5b033a2e216b,,SimulatedBroker,completed,2026-09-21T13:21:55.712675,2026-09-21T13:21:55.742597,0,0.0,{}
48427bd65e79,,SimulatedBroker,active,2026-09-21T13:22:23.080824,,0,0.0,{}
6aea5bbc9d6a,,SimulatedBroker,active,2026-09-21T13:22:23.113382,,0,0.0,{}
85102f63af13,,SimulatedBroker,completed,2026-09-21T13:22:23.158580,2026-09-21T13:22:23.244422,3,0.0,{}
835799720aa6,,SimulatedBroker,completed,2026-09-21T13:22:23.267622,2026-09-21T13:22:23.424145,3,0.0,{}
015d63ffd272,,SimulatedBroker,completed,2026-09-21T13:22:23.448543,2026-09-21T13:22:23.536821,3,0.0,{}
31097f78e149,,SimulatedBroker,completed,2026-09-21T13:22:23.568738,2026-09-21T13:22:23.679820,1,0.0,{}
068ca66c8002,,SimulatedBroker,completed,2026-09-21T13:22:23.715633,2026-09-21T13:22:23.890955,2,0.0,{}
634b1af9531d,,SimulatedBroker,completed,2026-09-21T13:22:23.913556,2026-09-21T13:22:23.970709,1,0.0,{}
f812af43451f,,SimulatedBroker,completed,2026-09-21T13:30:54.253933,2026-09-21T13:30:54.282217,0,0.0,{}
c46a84c79cc3,,SimulatedBroker,active,2026-09-21T13:31:23.473350,,0,0.0,{}
cb79d81a97d5,,SimulatedBroker,active,2026-09-21T13:31:23.601806,,0,0.0,{}
e93d7048fadc,,SimulatedBroker,completed,2026-09-21T13:31:23.776411,2026-09-21T13:31:24.183178,3,0.0,{}
50faf9048495,,SimulatedBroker,completed,2026-09-21T13:31:24.214166,2026-09-21T13:31:24.367926,3,0.0,{}
695871ac8ada,,SimulatedBroker,completed,2026-09-21T13:31:24.386202,2026-09-21T13:31:24.475294,3,0.0,{}
bde694a3dba3,,SimulatedBroker,completed,2026-09-21T13:31:24.494073,2026-09-21T13:31:24.577060,1,0.0,{}
4cbe1718f0de,,SimulatedBroker,completed,2026-09-21T13:31:24.593381,2026-09-21T13:31:24.744360,2,0.0,{}
452adbf8763e,,SimulatedBroker,completed,2026-09-21T13:31:24.763001,2026-09-21T13:31:24.810905,1,0.0,{}
bf85ac9cdffc,,SimulatedBroker,completed,2026-09-21T13:35:50.690052,2026-09-21T13:35:50.719463,0,0.0,{}
49b9c2d2294f,,SimulatedBroker,active,2026-09-21T13:36:17.256721,,0,0.0,{}
a5c430b971e3,,SimulatedBroker,active,2026-09-21T13:36:17.288549,,0,0.0,{}
a3659abb1c32,,SimulatedBroker,completed,2026-09-21T13:36:17.333965,2026-09-21T13:36:17.420755,3,0.0,{}
157df3ea53ca,,SimulatedBroker,completed,2026-09-21T13:36:17.441409,2026-09-21T13:36:17.598776,3,0.0,{}
05c43ce77ea8,,SimulatedBroker,completed,2026-09-21T13:36:17.617555,2026-09-21T13:36:17.692751,3,0.0,{}
f423427d7063,,SimulatedBroker,completed,2026-09-21T13:36:17.709314,2026-09-21T13:36:17.785695,1,0.0,{}
895a9626e55b,,SimulatedBroker,completed,2026-09-21T13:36:17.804057,2026-09-21T13:36:17.951206,2,0.0,{}
39b8032b1cfd,,SimulatedBroker,completed,2026-09-21T13:36:17.970845,2026-09-21T13:36:18.022905,1,0.0,{}
5561617b9de3,,SimulatedBroker,completed,2026-09-21T15:47:58.398288,2026-09-21T15:47:58.424829,0,0.0,{}
09038ade0d9e,,SimulatedBroker,active,2026-09-21T15:48:30.103851,,0,0.0,{}
9f23b3044de8,,SimulatedBroker,active,2026-09-21T15:48:30.136568,,0,0.0,{}
2d06dc79d234,,SimulatedBroker,completed,2026-09-21T15:48:30.181215,2026-09-21T15:48:30.271767,3,0.0,{}
08b9b6b755f9,,SimulatedBroker,completed,2026-09-21T15:48:30.293177,2026-09-21T15:48:30.452083,3,0.0,{}
94e156dc9459,,SimulatedBroker,completed,2026-09-21T15:48:30.473278,2026-09-21T15:48:30.566003,3,0.0,{}
e8d02a69ae3e,,SimulatedBroker,completed,2026-09-21T15:48:30.585721,2026-09-21T15:48:30.672153,1,0.0,{}
6b295a5c605b,,SimulatedBroker,completed,2026-09-21T15:48:30.694222,2026-09-21T15:48:30.848581,2,0.0,{}
d570f6006f45,,SimulatedBroker,completed,2026-09-21T15:48:30.869720,2026-09-21T15:48:30.920425,1,0.0,{}
03ab61119a31,,SimulatedBroker,completed,2026-09-21T15:58:53.301332,2026-09-21T15:58:53.329775,0,0.0,{}
0ee2cbdb689d,,SimulatedBroker,active,2026-09-21T15:59:21.252639,,0,0.0,{}
025eddc925ed,,SimulatedBroker,active,2026-09-21T15:59:21.279601,,0,0.0,{}
8ff4adc04008,,SimulatedBroker,completed,2026-09-21T15:59:21.318964,2026-09-21T15:59:21.394028,3,0.0,{}
ed28f2cfe14f,,SimulatedBroker,completed,2026-09-21T15:59:21.412527,2026-09-21T15:59:21.571979,3,0.0,{}
9a8f96a55650,,SimulatedBroker,completed,2026-09-21T15:59:21.596277,2026-09-21T15:59:21.688410,3,0.0,{}
88d80c59f16f,,SimulatedBroker,completed,2026-09-21T15:59:21.708677,2026-09-21T15:59:21.796767,1,0.0,{}
2584f8ff320b,,SimulatedBroker,completed,2026-09-21T15:59:21.816234,2026-09-21T15:59:21.968963,2,0.0,{}
c53612007c2f,,SimulatedBroker,completed,2026-09-21T15:59:21.988083,2026-09-21T15:59:22.040244,1,0.0,{}
56d9c4783aeb,,SimulatedBroker,completed,2026-09-21T16:15:20.816677,2026-09-21T16:15:20.842021,0,0.0,{}
7e758706fc1e,,SimulatedBroker,active,2026-09-21T16:15:47.996818,,0,0.0,{}
0adefbd6de67,,SimulatedBroker,active,2026-09-21T16:15:48.025943,,0,0.0,{}
ec75372569d3,,SimulatedBroker,completed,2026-09-21T16:15:48.070685,2026-09-21T16:15:48.152844,3,0.0,{}
d4a336c9c8ac,,SimulatedBroker,completed,2026-09-21T16:15:48.175653,2026-09-21T16:15:48.342594,3,0.0,{}
1dbeb771bd73,,SimulatedBroker,completed,2026-09-21T16:15:48.365733,2026-09-21T16:15:48.448618,3,0.0,{}
7b550c86a84b,,SimulatedBroker,completed,2026-09-21T16:15:48.464685,2026-09-21T16:15:48.542551,1,0.0,{}
7a8823b1f703,,SimulatedBroker,completed,2026-09-21T16:15:48.561873,2026-09-21T16:15:48.709747,2,0.0,{}
57cc745ec64d,,SimulatedBroker,completed,2026-09-21T16:15:48.731069,2026-09-21T16:15:48.782027,1,0.0,{}
1c27dd2c854b,,SimulatedBroker,completed,2026-09-21T16:20:29.246816,2026-09-21T16:20:29.275386,0,0.0,{}
8a849cf45d50,,SimulatedBroker,active,2026-09-21T16:21:01.339046,,0,0.0,{}
08e6f6d0449c,,SimulatedBroker,active,2026-09-21T16:21:01.372327,,0,0.0,{}
f7b7c30a2b32,,SimulatedBroker,completed,2026-09-21T16:21:01.480738,2026-09-21T16:21:01.599628,3,0.0,{}
16f727919fbc,,SimulatedBroker,completed,2026-09-21T16:21:01.620636,2026-09-21T16:21:01.797530,3,0.0,{}
9dd94a6a488b,,SimulatedBroker,completed,2026-09-21T16:21:01.821490,2026-09-21T16:21:01.951610,3,0.0,{}
13f40a5b0244,,SimulatedBroker,completed,2026-09-21T16:21:01.989408,2026-09-21T16:21:02.081532,1,0.0,{}
3159b186c3ac,,SimulatedBroker,completed,2026-09-21T16:21:02.104331,2026-09-21T16:21:02.272493,2,0.0,{}
fe83bd46fa27,,SimulatedBroker,completed,2026-09-21T16:21:02.298108,2026-09-21T16:21:02.349822,1,0.0,{}
2a167ba74f10,,SimulatedBroker,completed,2026-09-21T16:38:12.238802,2026-09-21T16:38:12.263763,0,0.0,{}
316d1cdc5c2f,,SimulatedBroker,active,2026-09-21T16:38:40.880302,,0,0.0,{}
0034b93b6fdb,,SimulatedBroker,active,2026-09-21T16:38:40.912551,,0,0.0,{}
78168d270b8c,,SimulatedBroker,completed,2026-09-21T16:38:40.955546,2026-09-21T16:38:41.047207,3,0.0,{}
fe2f0f2e6723,,SimulatedBroker,completed,2026-09-21T16:38:41.068234,2026-09-21T16:38:41.225202,3,0.0,{}
fc70e675cd58,,SimulatedBroker,completed,2026-09-21T16:38:41.245691,2026-09-21T16:38:41.335932,3,0.0,{}
dace41f0ea4b,,SimulatedBroker,completed,2026-09-21T16:38:41.354692,2026-09-21T16:38:41.440697,1,0.0,{}
c904ea7c930d,,SimulatedBroker,completed,2026-09-21T16:38:41.464783,2026-09-21T16:38:41.619970,2,0.0,{}
760ea8e751d3,,SimulatedBroker,completed,2026-09-21T16:38:41.642474,2026-09-21T16:38:41.697211,1,0.0,{}
3fc31a033b7f,,SimulatedBroker,completed,2026-09-21T17:37:16.655006,2026-09-21T17:37:16.682861,0,0.0,{}
5dfed775aa66,,SimulatedBroker,active,2026-09-21T17:37:43.752010,,0,0.0,{}
4f2a04abe09b,,SimulatedBroker,active,2026-09-21T17:37:43.779442,,0,0.0,{}
2bc24d7b6a4d,,SimulatedBroker,completed,2026-09-21T17:37:43.820582,2026-09-21T17:37:43.905881,3,0.0,{}
0afa31d24ccb,,SimulatedBroker,completed,2026-09-21T17:37:43.928567,2026-09-21T17:37:44.081742,3,0.0,{}
de9b3d4dead1,,SimulatedBroker,completed,2026-09-21T17:37:44.103571,2026-09-21T17:37:44.184760,3,0.0,{}
dd38a0b80c03,,SimulatedBroker,completed,2026-09-21T17:37:44.203374,2026-09-21T17:37:44.285204,1,0.0,{}
589a9868d8c0,,SimulatedBroker,completed,2026-09-21T17:37:44.304708,2026-09-21T17:37:44.453134,2,0.0,{}
6af2119aeacc,,SimulatedBroker,completed,2026-09-21T17:37:44.474164,2026-09-21T17:37:44.527833,1,0.0,{}
48c3fef566a2,,SimulatedBroker,completed,2026-09-22T16:21:28.984577,2026-09-22T16:21:29.012755,0,0.0,{}
b43f971dba8a,,SimulatedBroker,active,2026-09-22T16:22:05.601340,,0,0.0,{}
4833ecccf350,,SimulatedBroker,active,2026-09-22T16:22:05.675644,,0,0.0,{}
778822721574,,SimulatedBroker,completed,2026-09-22T16:22:05.772962,2026-09-22T16:22:05.901751,3,0.0,{}
f78c9249d590,,SimulatedBroker,completed,2026-09-22T16:22:05.924980,2026-09-22T16:22:06.128130,3,0.0,{}
d938cae25611,,SimulatedBroker,completed,2026-09-22T16:22:06.153840,2026-09-22T16:22:06.259068,3,0.0,{}
ab1ba0b3b13f,,SimulatedBroker,completed,2026-09-22T16:22:06.281324,2026-09-22T16:22:06.388880,1,0.0,{}
111be5222b63,,SimulatedBroker,completed,2026-09-22T16:22:06.420612,2026-09-22T16:22:07.264611,2,0.0,{}
5b0b61bdb4d0,,SimulatedBroker,completed,2026-09-22T16:22:07.305071,2026-09-22T16:22:07.387644,1,0.0,{}
9910231dccbe,,SimulatedBroker,active,2026-09-22T17:14:47.551656,,0,0.0,{}
fcb88c09e065,,SimulatedBroker,active,2026-09-22T17:14:47.593096,,0,0.0,{}
ffdc5a23ba40,,SimulatedBroker,completed,2026-09-22T17:14:47.683535,2026-09-22T17:14:47.813589,3,0.0,{}
2faf7b7cda23,,SimulatedBroker,completed,2026-09-22T17:14:47.839867,2026-09-22T17:14:48.021285,3,0.0,{}
b464fe4afc70,,SimulatedBroker,completed,2026-09-22T17:14:48.048283,2026-09-22T17:14:48.147697,3,0.0,{}
c6b5a284dfc3,,SimulatedBroker,completed,2026-09-22T17:14:48.168884,2026-09-22T17:14:48.263071,1,0.0,{}
f91aea1831da,,SimulatedBroker,completed,2026-09-22T17:14:48.287694,2026-09-22T17:14:48.474200,2,0.0,{}
05a86814d1ca,,SimulatedBroker,completed,2026-09-22T17:14:48.501741,2026-09-22T17:14:48.568572,1,0.0,{}
28a8ac7e1635,,SimulatedBroker,completed,2026-09-22T17:22:59.149336,2026-09-22T17:22:59.185982,0,0.0,{}
a6a639f1655f,,SimulatedBroker,completed,2026-09-22T18:23:27.083589,2026-09-22T18:23:27.112975,0,0.0,{}
690ff9a78b4c,,SimulatedBroker,active,2026-09-22T18:25:16.887680,,0,0.0,{}
8c4031d7e568,,SimulatedBroker,active,2026-09-22T18:25:16.931790,,0,0.0,{}
b845b2e84cf0,,SimulatedBroker,completed,2026-09-22T18:25:16.987693,2026-09-22T18:25:17.103573,3,0.0,{}
6f8d04c5e20e,,SimulatedBroker,completed,2026-09-22T18:25:17.133111,2026-09-22T18:25:17.322685,3,0.0,{}
61fc3143cf77,,SimulatedBroker,completed,2026-09-22T18:25:17.354030,2026-09-22T18:25:17.481957,3,0.0,{}
9312c9b3d9b5,,SimulatedBroker,completed,2026-09-22T18:25:17.508553,2026-09-22T18:25:17.632015,1,0.0,{}
e3f7f3f7730c,,SimulatedBroker,completed,2026-09-22T18:25:17.661448,2026-09-22T18:25:17.883011,2,0.0,{}
bd5767abc6e5,,SimulatedBroker,completed,2026-09-22T18:25:17.915803,2026-09-22T18:25:17.994711,1,0.0,{}
5e3acc9e648f,,SimulatedBroker,completed,2026-09-22T18:33:24.185706,2026-09-22T18:33:24.214828,0,0.0,{}
3fbf495fdcfd,,SimulatedBroker,completed,2026-09-22T18:55:27.664420,2026-09-22T18:55:27.689898,0,0.0,{}
7889568f1079,,SimulatedBroker,active,2026-09-22T18:55:57.508627,,0,0.0,{}
b844b634196b,,SimulatedBroker,active,2026-09-22T18:55:57.533991,,0,0.0,{}
e85bfbedcc7c,,SimulatedBroker,completed,2026-09-22T18:55:57.578203,2026-09-22T18:55:57.656518,3,0.0,{}
9ac7c3410615,,SimulatedBroker,completed,2026-09-22T18:55:57.678201,2026-09-22T18:55:57.820374,3,0.0,{}
c570425d9f0c,,SimulatedBroker,completed,2026-09-22T18:55:57.843909,2026-09-22T18:55:57.927865,3,0.0,{}
7625d2da0de9,,SimulatedBroker,completed,2026-09-22T18:55:57.946285,2026-09-22T18:55:58.027802,1,0.0,{}
6c60ca1ecb3d,,SimulatedBroker,completed,2026-09-22T18:55:58.047180,2026-09-22T18:55:58.183377,2,0.0,{}
3a45a77e96a6,,SimulatedBroker,completed,2026-09-22T18:55:58.203404,2026-09-22T18:55:58.253948,1,0.0,{}
c8d4d1a12a60,,SimulatedBroker,active,2026-09-23T08:50:58.239582,,0,0.0,{}
999bd65d7cc7,,SimulatedBroker,active,2026-09-23T08:50:58.266153,,0,0.0,{}
9c0c0bd79013,,SimulatedBroker,completed,2026-09-23T08:50:58.297026,2026-09-23T08:50:58.359763,3,0.0,{}
f594b46ca772,,SimulatedBroker,completed,2026-09-23T08:50:58.379583,2026-09-23T08:50:58.498361,3,0.0,{}
880c7e822218,,SimulatedBroker,completed,2026-09-23T08:50:58.516049,2026-09-23T08:50:58.588295,3,0.0,{}
ea791ae7b21b,,SimulatedBroker,completed,2026-09-23T08:50:58.602426,2026-09-23T08:50:58.665924,1,0.0,{}
fc4fd2fd0d62,,SimulatedBroker,completed,2026-09-23T08:50:58.681152,2026-09-23T08:50:58.798414,2,0.0,{}
cfb2a8a7f01f,,SimulatedBroker,completed,2026-09-23T08:50:58.815948,2026-09-23T08:50:58.855658,1,0.0,{}
6f409b8f8a86,,SimulatedBroker,completed,2026-09-23T09:25:18.085515,2026-09-23T09:25:18.102525,0,0.0,{}
477b41e52110,,SimulatedBroker,active,2026-09-23T09:25:54.794934,,0,0.0,{}
b7ba3937ec8b,,SimulatedBroker,active,2026-09-23T09:25:54.826983,,0,0.0,{}
9dc057086bab,,SimulatedBroker,completed,2026-09-23T09:25:54.874405,2026-09-23T09:25:54.967927,3,0.0,{}
ce481b10e351,,SimulatedBroker,completed,2026-09-23T09:25:54.992042,2026-09-23T09:25:55.159258,3,0.0,{}
313935d266f4,,SimulatedBroker,completed,2026-09-23T09:25:55.181418,2026-09-23T09:25:55.270234,3,0.0,{}
336ed6db62ed,,SimulatedBroker,completed,2026-09-23T09:25:55.288952,2026-09-23T09:25:55.379629,1,0.0,{}
a2a464861d8e,,SimulatedBroker,completed,2026-09-23T09:25:55.403193,2026-09-23T09:25:55.564862,2,0.0,{}
ca1b6517ddec,,SimulatedBroker,completed,2026-09-23T09:25:55.588881,2026-09-23T09:25:55.649992,1,0.0,{}
c6f181ba5d9b,,SimulatedBroker,completed,2026-09-23T12:09:19.482912,2026-09-23T12:09:19.544369,0,0.0,{}
b85a893a4191,,SimulatedBroker,active,2026-09-23T12:10:12.401797,,0,0.0,{}
b0f3dd421926,,SimulatedBroker,active,2026-09-23T12:10:12.443109,,0,0.0,{}
30f37b5d2d9f,,SimulatedBroker,completed,2026-09-23T12:10:12.523644,2026-09-23T12:10:12.602498,3,0.0,{}
0831da3e9a8f,,SimulatedBroker,completed,2026-09-23T12:10:12.632065,2026-09-23T12:10:12.850720,3,0.0,{}
99ee1f771934,,SimulatedBroker,completed,2026-09-23T12:10:12.877416,2026-09-23T12:10:12.955536,3,0.0,{}
b84abde8f5de,,SimulatedBroker,completed,2026-09-23T12:10:12.968387,2026-09-23T12:10:13.063290,1,0.0,{}
fc7de02b742b,,SimulatedBroker,completed,2026-09-23T12:10:13.081601,2026-09-23T12:10:13.286359,2,0.0,{}
94e6ef04c49e,,SimulatedBroker,completed,2026-09-23T12:10:13.315040,2026-09-23T12:10:13.359099,1,0.0,{}
e78b48f3eb39,,SimulatedBroker,completed,2026-09-23T12:17:44.119867,2026-09-23T12:17:44.179126,0,0.0,{}
09cf855491ea,,SimulatedBroker,active,2026-09-23T12:18:13.385533,,0,0.0,{}
9a89737bac43,,SimulatedBroker,active,2026-09-23T12:18:13.413489,,0,0.0,{}
c336244d2de0,,SimulatedBroker,completed,2026-09-23T12:18:13.454763,2026-09-23T12:18:13.535914,3,0.0,{}
d7a319e027d1,,SimulatedBroker,completed,2026-09-23T12:18:13.555219,2026-09-23T12:18:13.696846,3,0.0,{}
19d2cdd0decb,,SimulatedBroker,completed,2026-09-23T12:18:13.715298,2026-09-23T12:18:13.802654,3,0.0,{}
58df3cbb1414,,SimulatedBroker,completed,2026-09-23T12:18:13.822716,2026-09-23T12:18:13.901236,1,0.0,{}
1be9f095058c,,SimulatedBroker,completed,2026-09-23T12:18:13.921434,2026-09-23T12:18:14.081355,2,0.0,{}
de9d2fe8d7f6,,SimulatedBroker,completed,2026-09-23T12:18:14.107048,2026-09-23T12:18:14.182781,1,0.0,{}
